Serial Number,Account Name
B06C-00559,Nyc Department Of Education
B06D-50257,Nyc Department Of Education
B06E-51132,Nyc Department Of Education
B06G-50079,Nyc Department Of Education
B06G-50446,Nyc Department Of Education
B09D-01395,Nyc Department Of Education
B09E-01064,Nyc Department Of Education
B09F-01030,Nyc Department Of Education
B09F-01901,Nyc Department Of Education
B09F-02079,Nyc Department Of Education
B09F-02081,Nyc Department Of Education
B09F-02083,Nyc Department Of Education
B09F-02085,Nyc Department Of Education
B09F-02087,Nyc Department Of Education
B09F-02143,Nyc Department Of Education
B09F-02145,Nyc Department Of Education
B09F-02150,Nyc Department Of Education
B09F-02154,Nyc Department Of Education
B09F-02157,Nyc Department Of Education
B09F-02159,Nyc Department Of Education
B09F-02172,Nyc Department Of Education
B09F-02174,Nyc Department Of Education
B09F-02175,Nyc Department Of Education
B09F-02179,Nyc Department Of Education
B09F-02180,Nyc Department Of Education
B09F-02181,Nyc Department Of Education
B09F-02182,Nyc Department Of Education
B09F-02183,Nyc Department Of Education
B09F-02184,Nyc Department Of Education
B09F-02185,Nyc Department Of Education
B09F-02201,Nyc Department Of Education
B09F-02202,Nyc Department Of Education
B09F-02203,Nyc Department Of Education
B09F-02204,Nyc Department Of Education
B09F-02205,Nyc Department Of Education
B09F-02209,Nyc Department Of Education
B09F-02211,Nyc Department Of Education
B09F-02212,Nyc Department Of Education
B09F-02213,Nyc Department Of Education
B09F-02214,Nyc Department Of Education
B09F-02215,Nyc Department Of Education
B09F-02220,Nyc Department Of Education
B09F-02222,Nyc Department Of Education
B09F-02223,Nyc Department Of Education
B09F-02224,Nyc Department Of Education
B09F-02225,Nyc Department Of Education
B09F-02226,Nyc Department Of Education
B09F-02230,Nyc Department Of Education
B09F-02247,Nyc Department Of Education
B09F-02249,Nyc Department Of Education
B09F-02250,Nyc Department Of Education
B09F-02385,Nyc Department Of Education
B09F-02397,Nyc Department Of Education
B09F-02398,Nyc Department Of Education
B09F-02399,Nyc Department Of Education
B09F-02401,Nyc Department Of Education
B09F-02403,Nyc Department Of Education
B09F-02404,Nyc Department Of Education
B09F-02405,Nyc Department Of Education
B09F-02409,Nyc Department Of Education
B09F-02410,Nyc Department Of Education
B09F-02421,Nyc Department Of Education
B09F-02424,Nyc Department Of Education
B09F-02568,Nyc Department Of Education
B09F-02569,Nyc Department Of Education
B09F-02570,Nyc Department Of Education
B09F-02572,Nyc Department Of Education
B09F-02577,Nyc Department Of Education
B09F-02579,Nyc Department Of Education
B09F-02581,Nyc Department Of Education
B09F-02584,Nyc Department Of Education
B09F-02585,Nyc Department Of Education
B09F-02586,Nyc Department Of Education
B09F-02587,Nyc Department Of Education
B09F-02593,Nyc Department Of Education
B09F-02599,Nyc Department Of Education
B09G-00866,Nyc Department Of Education
B09H-00211,Nyc Department Of Education
B09H-00249,Nyc Department Of Education
B09H-00251,Nyc Department Of Education
B09H-00371,Nyc Department Of Education
B09H-00558,Nyc Department Of Education
B09H-00591,Nyc Department Of Education
B09H-00635,Nyc Department Of Education
B09H-00644,Nyc Department Of Education
B09H-00645,Nyc Department Of Education
B09H-00670,Nyc Department Of Education
B09H-00678,Nyc Department Of Education
B09H-00712,Nyc Department Of Education
B09H-00715,Nyc Department Of Education
B09H-00721,Nyc Department Of Education
B09H-00911,Nyc Department Of Education
B09H-00912,Nyc Department Of Education
B09H-00917,Nyc Department Of Education
B09H-00924,Nyc Department Of Education
B09H-00926,Nyc Department Of Education
B09H-00927,Nyc Department Of Education
B09H-00929,Nyc Department Of Education
B09H-00930,Nyc Department Of Education
B09H-00931,Nyc Department Of Education
B09H-00935,Nyc Department Of Education
B09H-00941,Nyc Department Of Education
B09H-00943,Nyc Department Of Education
B09H-00947,Nyc Department Of Education
B09H-00975,Nyc Department Of Education
B09H-00985,Nyc Department Of Education
B09H-00986,Nyc Department Of Education
B09H-01036,Nyc Department Of Education
B09H-01047,Nyc Department Of Education
B09H-01049,Nyc Department Of Education
B09H-01152,Nyc Department Of Education
B09H-01153,Nyc Department Of Education
B09H-01154,Nyc Department Of Education
B09H-01165,Nyc Department Of Education
B09H-01191,Nyc Department Of Education
B09H-01371,Nyc Department Of Education
B09H-01507,Nyc Department Of Education
B09J-00648,Nyc Department Of Education
B09J-00655,Nyc Department Of Education
B09J-00698,Nyc Department Of Education
B09J-00775,Nyc Department Of Education
B09J-00992,Nyc Department Of Education
B09J-01000,Nyc Department Of Education
B09K-00116,Nyc Department Of Education
B09K-00117,Nyc Department Of Education
B09K-00118,Nyc Department Of Education
B09K-00119,Nyc Department Of Education
B09K-00120,Nyc Department Of Education
B09K-00175,Nyc Department Of Education
B09K-00188,Nyc Department Of Education
B09K-00190,Nyc Department Of Education
B09K-00192,Nyc Department Of Education
B09K-00201,Nyc Department Of Education
B09K-00203,Nyc Department Of Education
B09K-00208,Nyc Department Of Education
B09K-00211,Nyc Department Of Education
B09K-00213,Nyc Department Of Education
B09K-00214,Nyc Department Of Education
B09K-00221,Nyc Department Of Education
B09K-00270,Nyc Department Of Education
B09K-00367,Nyc Department Of Education
B09K-00368,Nyc Department Of Education
B09K-00369,Nyc Department Of Education
B09K-00371,Nyc Department Of Education
B09K-00601,Nyc Department Of Education
B09K-00604,Nyc Department Of Education
B09K-00606,Nyc Department Of Education
B09K-00607,Nyc Department Of Education
B09K-00609,Nyc Department Of Education
B09K-00610,Nyc Department Of Education
B09K-00611,Nyc Department Of Education
B09K-00612,Nyc Department Of Education
B09K-00613,Nyc Department Of Education
B09K-00616,Nyc Department Of Education
B09K-00617,Nyc Department Of Education
B09K-00618,Nyc Department Of Education
B09K-00620,Nyc Department Of Education
B09K-00621,Nyc Department Of Education
B09K-00625,Nyc Department Of Education
B09K-00627,Nyc Department Of Education
B09K-00628,Nyc Department Of Education
B09K-00629,Nyc Department Of Education
B09K-00631,Nyc Department Of Education
B09K-00632,Nyc Department Of Education
B09K-00633,Nyc Department Of Education
B09K-00634,Nyc Department Of Education
B09K-00640,Nyc Department Of Education
B09K-00643,Nyc Department Of Education
B09K-00644,Nyc Department Of Education
B09K-00645,Nyc Department Of Education
B09K-00646,Nyc Department Of Education
B09K-00674,Nyc Department Of Education
B09K-00686,Nyc Department Of Education
B09K-02854,Nyc Department Of Education
B09L-00674,Nyc Department Of Education
B09L-00914,Nyc Department Of Education
B09L-01819,Nyc Department Of Education
B09L-01919,Nyc Department Of Education
B09L-01927,Nyc Department Of Education
B09L-02042,Nyc Department Of Education
B09L-02087,Nyc Department Of Education
B09L-02088,Nyc Department Of Education
B09L-02091,Nyc Department Of Education
B09L-02096,Nyc Department Of Education
B09L-02106,Nyc Department Of Education
B09L-02112,Nyc Department Of Education
B09L-02113,Nyc Department Of Education
B09L-02116,Nyc Department Of Education
B09L-02119,Nyc Department Of Education
B09L-02121,Nyc Department Of Education
B09L-02122,Nyc Department Of Education
B09L-02124,Nyc Department Of Education
B09L-02126,Nyc Department Of Education
B09L-02127,Nyc Department Of Education
B09L-02128,Nyc Department Of Education
B09L-02129,Nyc Department Of Education
B09L-02132,Nyc Department Of Education
B09L-02133,Nyc Department Of Education
B09L-02134,Nyc Department Of Education
B09L-02135,Nyc Department Of Education
B09L-02147,Nyc Department Of Education
B09L-02148,Nyc Department Of Education
B09L-02149,Nyc Department Of Education
B09L-02225,Nyc Department Of Education
B09L-02241,Nyc Department Of Education
B09L-02517,Nyc Department Of Education
B09L-02518,Nyc Department Of Education
B09L-02519,Nyc Department Of Education
B09L-02522,Nyc Department Of Education
B09L-02556,Nyc Department Of Education
B09L-02557,Nyc Department Of Education
B09L-02558,Nyc Department Of Education
B09L-02559,Nyc Department Of Education
B10B-01323,Nyc Department Of Education
B10B-01410,Nyc Department Of Education
B10B-03557,Nyc Department Of Education
B10E-00268,Nyc Department Of Education
B10E-00269,Nyc Department Of Education
B10E-00270,Nyc Department Of Education
B10E-00271,Nyc Department Of Education
B10E-00276,Nyc Department Of Education
B10E-00286,Nyc Department Of Education
B10E-00287,Nyc Department Of Education
B10E-00326,Nyc Department Of Education
B10E-00330,Nyc Department Of Education
B10E-00331,Nyc Department Of Education
B10E-00332,Nyc Department Of Education
B10E-00376,Nyc Department Of Education
B10E-00377,Nyc Department Of Education
B10E-00512,Nyc Department Of Education
B10E-00518,Nyc Department Of Education
B10E-00562,Nyc Department Of Education
B10E-00624,Nyc Department Of Education
B10E-00626,Nyc Department Of Education
B10E-00635,Nyc Department Of Education
B10E-00636,Nyc Department Of Education
B10E-00670,Nyc Department Of Education
B10E-00709,Nyc Department Of Education
B10E-00711,Nyc Department Of Education
B10E-00799,Nyc Department Of Education
B10E-00905,Nyc Department Of Education
B10E-00949,Nyc Department Of Education
B10E-00952,Nyc Department Of Education
B10E-01005,Nyc Department Of Education
B10F-00017,Nyc Department Of Education
B10F-00105,Nyc Department Of Education
B10F-01142,Nyc Department Of Education
B10F-01425,Nyc Department Of Education
B10F-01436,Nyc Department Of Education
B10F-01525,Nyc Department Of Education
B10F-01526,Nyc Department Of Education
B10F-01527,Nyc Department Of Education
B10F-01528,Nyc Department Of Education
B10F-01674,Nyc Department Of Education
B10F-01709,Nyc Department Of Education
B10F-01710,Nyc Department Of Education
B10F-01721,Nyc Department Of Education
B10F-01723,Nyc Department Of Education
B10F-01727,Nyc Department Of Education
B10F-01728,Nyc Department Of Education
B10F-01730,Nyc Department Of Education
B10F-01870,Nyc Department Of Education
B10F-01871,Nyc Department Of Education
B10F-01971,Nyc Department Of Education
B10F-01974,Nyc Department Of Education
B10F-01976,Nyc Department Of Education
B10F-01979,Nyc Department Of Education
B10F-01992,Nyc Department Of Education
B10F-01994,Nyc Department Of Education
B10F-02020,Nyc Department Of Education
B10F-02188,Nyc Department Of Education
B10F-02432,Nyc Department Of Education
B10F-02435,Nyc Department Of Education
B10F-02436,Nyc Department Of Education
B10F-02437,Nyc Department Of Education
B10F-02442,Nyc Department Of Education
B10F-02443,Nyc Department Of Education
B10F-02446,Nyc Department Of Education
B10F-02448,Nyc Department Of Education
B10F-02488,Nyc Department Of Education
B10F-02494,Nyc Department Of Education
B10F-02496,Nyc Department Of Education
B10F-02511,Nyc Department Of Education
B10F-02514,Nyc Department Of Education
B10F-02518,Nyc Department Of Education
B10F-02520,Nyc Department Of Education
B10F-02574,Nyc Department Of Education
B10F-02576,Nyc Department Of Education
B10F-02577,Nyc Department Of Education
B10F-02579,Nyc Department Of Education
B10F-02580,Nyc Department Of Education
B10F-02581,Nyc Department Of Education
B10F-02582,Nyc Department Of Education
B10F-02583,Nyc Department Of Education
B10F-02602,Nyc Department Of Education
B10F-02603,Nyc Department Of Education
B10F-02606,Nyc Department Of Education
B10F-02608,Nyc Department Of Education
B10F-02609,Nyc Department Of Education
B10F-02610,Nyc Department Of Education
B10F-02611,Nyc Department Of Education
B10F-02637,Nyc Department Of Education
B10F-02643,Nyc Department Of Education
B10F-02646,Nyc Department Of Education
B10F-02649,Nyc Department Of Education
B10F-03025,Nyc Department Of Education
B10F-03103,Nyc Department Of Education
B10F-03967,Nyc Department Of Education
B10F-05346,Nyc Department Of Education
B10G-01115,Nyc Department Of Education
B10G-02041,Nyc Department Of Education
B10G-02049,Nyc Department Of Education
B10G-02051,Nyc Department Of Education
B10G-02059,Nyc Department Of Education
B10G-02063,Nyc Department Of Education
B10G-02069,Nyc Department Of Education
B10G-02071,Nyc Department Of Education
B10G-02201,Nyc Department Of Education
B10G-02211,Nyc Department Of Education
B10G-03847,Nyc Department Of Education
B10G-03886,Nyc Department Of Education
B10G-04196,Nyc Department Of Education
B10G-04220,Nyc Department Of Education
B10G-04248,Nyc Department Of Education
B10G-04260,Nyc Department Of Education
B10G-04261,Nyc Department Of Education
B10G-04271,Nyc Department Of Education
B10G-04277,Nyc Department Of Education
B10G-04295,Nyc Department Of Education
B10G-04370,Nyc Department Of Education
B10G-04527,Nyc Department Of Education
B10G-04544,Nyc Department Of Education
B10G-04555,Nyc Department Of Education
B10G-04563,Nyc Department Of Education
B10G-04565,Nyc Department Of Education
B10G-04573,Nyc Department Of Education
B10H-01140,NYC Department of Education
B10H-01670,Nyc Department Of Education
B10H-02593,Nyc Department Of Education
B10H-04042,NYC Department of Education
B10I-01863,Nyc Department Of Education
B10I-02597,Nyc Department Of Education
B10I-02902,Nyc Department Of Education
B10I-04037,Nyc Department Of Education
B10I-05276,Nyc Department Of Education
B10I-05499,Nyc Department Of Education
B10I-06857,Nyc Department Of Education
B10I-06922,Nyc Department Of Education
B10I-07261,Nyc Department Of Education
B10I-07503,Nyc Department Of Education
B10I-07625,Nyc Department Of Education
B10J-00007,Nyc Department Of Education
B10J-00029,Nyc Department Of Education
B10J-00091,Nyc Department Of Education
B10J-00097,Nyc Department Of Education
B10J-00099,Nyc Department Of Education
B10J-00240,Nyc Department Of Education
B10J-00266,Nyc Department Of Education
B10J-00271,Nyc Department Of Education
B10J-00488,Nyc Department Of Education
B10J-00504,Nyc Department Of Education
B10J-00549,Nyc Department Of Education
B10J-00551,Nyc Department Of Education
B10J-00577,Nyc Department Of Education
B10J-00585,Nyc Department Of Education
B10J-00605,Nyc Department Of Education
B10J-00606,Nyc Department Of Education
B10J-00607,Nyc Department Of Education
B10J-00616,Nyc Department Of Education
B10J-00617,Nyc Department Of Education
B10J-00618,Nyc Department Of Education
B10J-00625,Nyc Department Of Education
B10J-00626,Nyc Department Of Education
B10J-00627,Nyc Department Of Education
B10J-00629,Nyc Department Of Education
B10J-00630,Nyc Department Of Education
B10J-00631,Nyc Department Of Education
B10J-00653,Nyc Department Of Education
B10J-00690,Nyc Department Of Education
B10J-00692,Nyc Department Of Education
B10J-00693,Nyc Department Of Education
B10J-00697,Nyc Department Of Education
B10J-00698,Nyc Department Of Education
B10J-00699,Nyc Department Of Education
B10J-00701,Nyc Department Of Education
B10J-00702,Nyc Department Of Education
B10J-00704,Nyc Department Of Education
B10J-00706,Nyc Department Of Education
B10J-00707,Nyc Department Of Education
B10J-00708,Nyc Department Of Education
B10J-00723,Nyc Department Of Education
B10J-00725,Nyc Department Of Education
B10J-00742,Nyc Department Of Education
B10J-00763,Nyc Department Of Education
B10J-00764,Nyc Department Of Education
B10J-00765,Nyc Department Of Education
B10J-00791,Nyc Department Of Education
B10J-00797,Nyc Department Of Education
B10J-00798,Nyc Department Of Education
B10J-00799,Nyc Department Of Education
B10J-00808,Nyc Department Of Education
B10J-00816,Nyc Department Of Education
B10J-00856,Nyc Department Of Education
B10J-00907,Nyc Department Of Education
B10J-00962,Nyc Department Of Education
B10J-01000,Nyc Department Of Education
B10J-01006,Nyc Department Of Education
B10J-01007,Nyc Department Of Education
B10J-01008,Nyc Department Of Education
B10J-01011,Nyc Department Of Education
B10J-01013,Nyc Department Of Education
B10J-01014,Nyc Department Of Education
B10J-01016,Nyc Department Of Education
B10J-01051,Nyc Department Of Education
B10J-01077,Nyc Department Of Education
B10J-01078,Nyc Department Of Education
B10J-01079,Nyc Department Of Education
B10J-01081,Nyc Department Of Education
B10J-01083,Nyc Department Of Education
B10J-01084,Nyc Department Of Education
B10J-01087,Nyc Department Of Education
B10J-01091,Nyc Department Of Education
B10J-01094,Nyc Department Of Education
B10J-01095,Nyc Department Of Education
B10J-01097,Nyc Department Of Education
B10J-01276,Nyc Department Of Education
B10J-01277,Nyc Department Of Education
B10J-01278,Nyc Department Of Education
B10J-01281,Nyc Department Of Education
B10J-01282,Nyc Department Of Education
B10J-01287,Nyc Department Of Education
B10J-01289,Nyc Department Of Education
B10J-01366,Nyc Department Of Education
B10J-01371,Nyc Department Of Education
B10J-01380,Nyc Department Of Education
B10J-01382,Nyc Department Of Education
B10J-01395,Nyc Department Of Education
B10J-01435,Nyc Department Of Education
B10J-01437,Nyc Department Of Education
B10J-01439,Nyc Department Of Education
B10J-01446,Nyc Department Of Education
B10J-01455,Nyc Department Of Education
B10J-01459,Nyc Department Of Education
B10J-01460,Nyc Department Of Education
B10J-01462,Nyc Department Of Education
B10J-01464,Nyc Department Of Education
B10J-01483,Nyc Department Of Education
B10J-01604,Nyc Department Of Education
B10J-01647,Nyc Department Of Education
B10J-01650,Nyc Department Of Education
B10J-01661,Nyc Department Of Education
B10J-01663,Nyc Department Of Education
B10J-01678,Nyc Department Of Education
B10K-00033,Nyc Department Of Education
B10K-00034,Nyc Department Of Education
B10K-00035,Nyc Department Of Education
B10K-00036,Nyc Department Of Education
B10K-00037,Nyc Department Of Education
B10K-00038,Nyc Department Of Education
B10K-00039,Nyc Department Of Education
B10K-00040,Nyc Department Of Education
B10K-00041,Nyc Department Of Education
B10K-00042,Nyc Department Of Education
B10K-00044,Nyc Department Of Education
B10K-00045,Nyc Department Of Education
B10K-00046,Nyc Department Of Education
B10K-00048,Nyc Department Of Education
B10K-00049,Nyc Department Of Education
B10K-00050,Nyc Department Of Education
B10K-00054,Nyc Department Of Education
B10K-00058,Nyc Department Of Education
B10K-00093,Nyc Department Of Education
B10K-00095,Nyc Department Of Education
B10K-00102,Nyc Department Of Education
B10K-00104,Nyc Department Of Education
B10K-00105,Nyc Department Of Education
B10K-00106,Nyc Department Of Education
B10K-00107,Nyc Department Of Education
B10K-00108,Nyc Department Of Education
B10K-00109,Nyc Department Of Education
B10K-00110,Nyc Department Of Education
B10K-00111,Nyc Department Of Education
B10K-00113,Nyc Department Of Education
B10K-00115,Nyc Department Of Education
B10K-00118,Nyc Department Of Education
B10K-00120,Nyc Department Of Education
B10K-00122,Nyc Department Of Education
B10K-00124,Nyc Department Of Education
B10K-00128,Nyc Department Of Education
B10K-00129,Nyc Department Of Education
B10K-00130,Nyc Department Of Education
B10K-00131,Nyc Department Of Education
B10K-00132,Nyc Department Of Education
B10K-00134,Nyc Department Of Education
B10K-00138,Nyc Department Of Education
B10K-00140,Nyc Department Of Education
B10K-00144,Nyc Department Of Education
B10K-00145,Nyc Department Of Education
B10K-00146,Nyc Department Of Education
B10K-00147,Nyc Department Of Education
B10K-00148,Nyc Department Of Education
B10K-00150,Nyc Department Of Education
B10K-00151,Nyc Department Of Education
B10K-00154,Nyc Department Of Education
B10K-00155,Nyc Department Of Education
B10K-00156,Nyc Department Of Education
B10K-00158,Nyc Department Of Education
B10K-00159,Nyc Department Of Education
B10K-00160,Nyc Department Of Education
B10K-00161,Nyc Department Of Education
B10K-00162,Nyc Department Of Education
B10K-00163,Nyc Department Of Education
B10K-00165,Nyc Department Of Education
B10K-00167,Nyc Department Of Education
B10K-00169,Nyc Department Of Education
B10K-00171,Nyc Department Of Education
B10K-00173,Nyc Department Of Education
B10K-00175,Nyc Department Of Education
B10K-00176,Nyc Department Of Education
B10K-00177,Nyc Department Of Education
B10K-00179,Nyc Department Of Education
B10K-00180,Nyc Department Of Education
B10K-00181,Nyc Department Of Education
B10K-00183,Nyc Department Of Education
B10K-00185,Nyc Department Of Education
B10K-00187,Nyc Department Of Education
B10K-00188,Nyc Department Of Education
B10K-00189,Nyc Department Of Education
B10K-00193,Nyc Department Of Education
B10K-00194,Nyc Department Of Education
B10K-00195,Nyc Department Of Education
B10K-00197,Nyc Department Of Education
B10K-00199,Nyc Department Of Education
B10K-00201,Nyc Department Of Education
B10K-00202,Nyc Department Of Education
B10K-00203,Nyc Department Of Education
B10K-00204,Nyc Department Of Education
B10K-00206,Nyc Department Of Education
B10K-00208,Nyc Department Of Education
B10K-00210,Nyc Department Of Education
B10K-00212,Nyc Department Of Education
B10K-00213,Nyc Department Of Education
B10K-00214,Nyc Department Of Education
B10K-00215,Nyc Department Of Education
B10K-00216,Nyc Department Of Education
B10K-00217,Nyc Department Of Education
B10K-00218,Nyc Department Of Education
B10K-00219,Nyc Department Of Education
B10K-00220,Nyc Department Of Education
B10K-00221,Nyc Department Of Education
B10K-00222,Nyc Department Of Education
B10K-00223,Nyc Department Of Education
B10K-00225,Nyc Department Of Education
B10K-00227,Nyc Department Of Education
B10K-00229,Nyc Department Of Education
B10K-00231,Nyc Department Of Education
B10K-00233,Nyc Department Of Education
B10K-00238,Nyc Department Of Education
B10K-00240,Nyc Department Of Education
B10K-00242,Nyc Department Of Education
B10K-00244,Nyc Department Of Education
B10K-00246,Nyc Department Of Education
B10K-00252,Nyc Department Of Education
B10K-00301,Nyc Department Of Education
B10K-00305,Nyc Department Of Education
B10K-00318,Nyc Department Of Education
B10K-00350,Nyc Department Of Education
B10K-00355,Nyc Department Of Education
B10K-00359,Nyc Department Of Education
B10K-00361,Nyc Department Of Education
B10K-00363,Nyc Department Of Education
B10K-00369,Nyc Department Of Education
B10K-00373,Nyc Department Of Education
B10K-00374,Nyc Department Of Education
B10K-00378,Nyc Department Of Education
B10K-00380,Nyc Department Of Education
B10K-00383,Nyc Department Of Education
B10K-00384,Nyc Department Of Education
B10K-00385,Nyc Department Of Education
B10K-00387,Nyc Department Of Education
B10K-00390,Nyc Department Of Education
B10K-00392,Nyc Department Of Education
B10K-00394,Nyc Department Of Education
B10K-00395,Nyc Department Of Education
B10K-00397,Nyc Department Of Education
B10K-00407,Nyc Department Of Education
B10K-00479,Nyc Department Of Education
B10K-00481,Nyc Department Of Education
B10K-00568,Nyc Department Of Education
B11A-00658,Nyc Department Of Education
B11A-00684,Nyc Department Of Education
B11A-01710,Nyc Department Of Education
B11A-01721,Nyc Department Of Education
B11A-01837,Nyc Department Of Education
B11A-01887,Nyc Department Of Education
B11A-01896,Nyc Department Of Education
B11A-01908,Nyc Department Of Education
B11A-01996,Nyc Department Of Education
B11A-02029,Nyc Department Of Education
B11A-02030,Nyc Department Of Education
B11A-02085,Nyc Department Of Education
B11A-02335,Nyc Department Of Education
B11A-02372,Nyc Department Of Education
B11A-02971,Nyc Department Of Education
B11A-03539,Nyc Department Of Education
B11A-03659,Nyc Department Of Education
B11A-03738,Nyc Department Of Education
B11A-03739,Nyc Department Of Education
B11A-03757,Nyc Department Of Education
B11A-04050,Nyc Department Of Education
B11A-04823,Nyc Department Of Education
B11A-05072,Nyc Department Of Education
B11A-05113,Nyc Department Of Education
B11A-05229,Nyc Department Of Education
B11A-05236,Nyc Department Of Education
B11A-05326,Nyc Department Of Education
B11A-05383,Nyc Department Of Education
B11A-05436,Nyc Department Of Education
B11A-05438,Nyc Department Of Education
B11B-00014,Nyc Department Of Education
B11B-00021,Nyc Department Of Education
B11B-00026,Nyc Department Of Education
B11B-00030,Nyc Department Of Education
B11B-00036,Nyc Department Of Education
B11B-00047,Nyc Department Of Education
B11B-00064,Nyc Department Of Education
B11B-00099,Nyc Department Of Education
B11B-00124,Nyc Department Of Education
B11B-00145,Nyc Department Of Education
B11B-00147,Nyc Department Of Education
B11B-00263,Nyc Department Of Education
B11B-00336,Nyc Department Of Education
B11B-01769,Nyc Department Of Education
B11B-01958,Nyc Department Of Education
B11B-02764,Nyc Department Of Education
B11B-02779,Nyc Department Of Education
B11B-02849,Nyc Department Of Education
B11B-02881,Nyc Department Of Education
B11B-02886,Nyc Department Of Education
B11B-02936,Nyc Department Of Education
B11B-02937,Nyc Department Of Education
B11B-02940,Nyc Department Of Education
B11B-02947,Nyc Department Of Education
B11B-03061,Nyc Department Of Education
B11B-03066,Nyc Department Of Education
B11B-03067,Nyc Department Of Education
B11B-03244,Nyc Department Of Education
B11B-03906,Nyc Department Of Education
B11B-03907,Nyc Department Of Education
B11C-02671,Nyc Department Of Education
B11C-03040,Nyc Department Of Education
B11C-03259,Nyc Department Of Education
B11C-03403,Nyc Department Of Education
B11D-00105,Nyc Department Of Education
B11D-00106,Nyc Department Of Education
B11D-00111,Nyc Department Of Education
B11D-00112,Nyc Department Of Education
B11D-00113,Nyc Department Of Education
B11D-00114,Nyc Department Of Education
B11D-00117,Nyc Department Of Education
B11D-00133,Nyc Department Of Education
B11D-00134,Nyc Department Of Education
B11D-00192,Nyc Department Of Education
B11D-00216,Nyc Department Of Education
B11D-00222,Nyc Department Of Education
B11D-00224,Nyc Department Of Education
B11D-00238,Nyc Department Of Education
B11D-00239,Nyc Department Of Education
B11D-00240,Nyc Department Of Education
B11D-00242,Nyc Department Of Education
B11D-00243,Nyc Department Of Education
B11D-00244,Nyc Department Of Education
B11D-00301,Nyc Department Of Education
B11D-00302,Nyc Department Of Education
B11D-00303,Nyc Department Of Education
B11D-00305,Nyc Department Of Education
B11D-00306,Nyc Department Of Education
B11D-00320,Nyc Department Of Education
B11D-00321,Nyc Department Of Education
B11D-00322,Nyc Department Of Education
B11D-00323,Nyc Department Of Education
B11D-00324,Nyc Department Of Education
B11D-00421,Nyc Department Of Education
B11D-00422,Nyc Department Of Education
B11D-00423,Nyc Department Of Education
B11D-00424,Nyc Department Of Education
B11D-00426,Nyc Department Of Education
B11D-00453,Nyc Department Of Education
B11D-00454,Nyc Department Of Education
B11D-00456,Nyc Department Of Education
B11D-00457,Nyc Department Of Education
B11D-00458,Nyc Department Of Education
B11D-00466,Nyc Department Of Education
B11D-00467,Nyc Department Of Education
B11D-00497,Nyc Department Of Education
B11D-00500,Nyc Department Of Education
B11D-00503,Nyc Department Of Education
B11D-00504,Nyc Department Of Education
B11D-00505,Nyc Department Of Education
B11D-00510,Nyc Department Of Education
B11D-00515,Nyc Department Of Education
B11D-00520,Nyc Department Of Education
B11D-00534,Nyc Department Of Education
B11D-00562,Nyc Department Of Education
B11D-00564,Nyc Department Of Education
B11D-00595,Nyc Department Of Education
B11D-00596,Nyc Department Of Education
B11D-00597,Nyc Department Of Education
B11D-00598,Nyc Department Of Education
B11D-00599,Nyc Department Of Education
B11D-00603,Nyc Department Of Education
B11D-00604,Nyc Department Of Education
B11D-00605,Nyc Department Of Education
B11D-00606,Nyc Department Of Education
B11D-00607,Nyc Department Of Education
B11D-00608,Nyc Department Of Education
B11D-00609,Nyc Department Of Education
B11D-00610,Nyc Department Of Education
B11D-00616,Nyc Department Of Education
B11D-00618,Nyc Department Of Education
B11D-00629,Nyc Department Of Education
B11D-00630,Nyc Department Of Education
B11D-00631,Nyc Department Of Education
B11D-00633,Nyc Department Of Education
B11D-00641,Nyc Department Of Education
B11D-00642,Nyc Department Of Education
B11D-00643,Nyc Department Of Education
B11D-00653,Nyc Department Of Education
B11D-00654,Nyc Department Of Education
B11D-00655,Nyc Department Of Education
B11D-00744,Nyc Department Of Education
B11D-00745,Nyc Department Of Education
B11D-00750,Nyc Department Of Education
B11D-00832,Nyc Department Of Education
B11D-00869,Nyc Department Of Education
B11D-00884,Nyc Department Of Education
B11D-00892,Nyc Department Of Education
B11D-00893,Nyc Department Of Education
B11D-00894,Nyc Department Of Education
B11D-00895,Nyc Department Of Education
B11D-00896,Nyc Department Of Education
B11D-00899,NYC Department of Education
B11D-00900,Nyc Department Of Education
B11D-00903,Nyc Department Of Education
B11D-00904,Nyc Department Of Education
B11D-00906,Nyc Department Of Education
B11D-00907,Nyc Department Of Education
B11D-00919,Nyc Department Of Education
B11D-00920,Nyc Department Of Education
B11D-00927,Nyc Department Of Education
B11D-00928,Nyc Department Of Education
B11D-00931,Nyc Department Of Education
B11D-00951,Nyc Department Of Education
B11D-00952,Nyc Department Of Education
B11D-00953,Nyc Department Of Education
B11D-00956,Nyc Department Of Education
B11D-00958,Nyc Department Of Education
B11D-00962,Nyc Department Of Education
B11D-00963,Nyc Department Of Education
B11D-00964,Nyc Department Of Education
B11D-00965,Nyc Department Of Education
B11D-00966,Nyc Department Of Education
B11D-00967,Nyc Department Of Education
B11D-00968,Nyc Department Of Education
B11D-00969,Nyc Department Of Education
B11D-00970,Nyc Department Of Education
B11D-00971,Nyc Department Of Education
B11D-00984,Nyc Department Of Education
B11D-00992,Nyc Department Of Education
B11D-00993,Nyc Department Of Education
B11D-00994,Nyc Department Of Education
B11D-01001,Nyc Department Of Education
B11D-01004,Nyc Department Of Education
B11D-01005,Nyc Department Of Education
B11D-01007,Nyc Department Of Education
B11D-01010,Nyc Department Of Education
B11D-01011,Nyc Department Of Education
B11D-01014,Nyc Department Of Education
B11D-01018,Nyc Department Of Education
B11D-01019,Nyc Department Of Education
B11D-01020,Nyc Department Of Education
B11D-01021,Nyc Department Of Education
B11D-01024,Nyc Department Of Education
B11D-01025,Nyc Department Of Education
B11D-01026,Nyc Department Of Education
B11D-01043,Nyc Department Of Education
B11D-01046,Nyc Department Of Education
B11D-01048,Nyc Department Of Education
B11D-01052,Nyc Department Of Education
B11D-01054,Nyc Department Of Education
B11D-01057,Nyc Department Of Education
B11D-01074,Nyc Department Of Education
B11D-01075,Nyc Department Of Education
B11D-01076,Nyc Department Of Education
B11D-01078,Nyc Department Of Education
B11D-01084,Nyc Department Of Education
B11D-01085,Nyc Department Of Education
B11D-01086,Nyc Department Of Education
B11D-01087,Nyc Department Of Education
B11D-01091,Nyc Department Of Education
B11D-01092,Nyc Department Of Education
B11D-01097,Nyc Department Of Education
B11D-01099,Nyc Department Of Education
B11D-01101,Nyc Department Of Education
B11D-01102,Nyc Department Of Education
B11D-01103,Nyc Department Of Education
B11D-01110,Nyc Department Of Education
B11D-01112,Nyc Department Of Education
B11D-01113,Nyc Department Of Education
B11D-01114,Nyc Department Of Education
B11D-01126,Nyc Department Of Education
B11D-01127,Nyc Department Of Education
B11D-01128,Nyc Department Of Education
B11D-01129,Nyc Department Of Education
B11D-01130,Nyc Department Of Education
B11D-01131,Nyc Department Of Education
B11D-01132,Nyc Department Of Education
B11D-01133,Nyc Department Of Education
B11D-01134,Nyc Department Of Education
B11D-01135,Nyc Department Of Education
B11D-01136,Nyc Department Of Education
B11D-01144,Nyc Department Of Education
B11D-01145,Nyc Department Of Education
B11D-01146,Nyc Department Of Education
B11D-01147,Nyc Department Of Education
B11D-01148,Nyc Department Of Education
B11D-01149,Nyc Department Of Education
B11D-01150,Nyc Department Of Education
B11D-01151,Nyc Department Of Education
B11D-01153,Nyc Department Of Education
B11D-01154,Nyc Department Of Education
B11D-01155,Nyc Department Of Education
B11D-01156,Nyc Department Of Education
B11D-01158,Nyc Department Of Education
B11D-01159,Nyc Department Of Education
B11D-01166,Nyc Department Of Education
B11D-01168,Nyc Department Of Education
B11D-01173,Nyc Department Of Education
B11D-01174,Nyc Department Of Education
B11D-01190,Nyc Department Of Education
B11D-01191,Nyc Department Of Education
B11D-01192,Nyc Department Of Education
B11D-01193,Nyc Department Of Education
B11D-01195,Nyc Department Of Education
B11D-01196,Nyc Department Of Education
B11D-01199,Nyc Department Of Education
B11D-01200,Nyc Department Of Education
B11D-01206,Nyc Department Of Education
B11D-01208,Nyc Department Of Education
B11D-01209,Nyc Department Of Education
B11D-01210,Nyc Department Of Education
B11D-01211,Nyc Department Of Education
B11D-01213,Nyc Department Of Education
B11D-01216,Nyc Department Of Education
B11D-01223,Nyc Department Of Education
B11D-01232,Nyc Department Of Education
B11D-01234,Nyc Department Of Education
B11D-01246,Nyc Department Of Education
B11D-01247,Nyc Department Of Education
B11D-01248,Nyc Department Of Education
B11D-01249,Nyc Department Of Education
B11D-01255,Nyc Department Of Education
B11D-01256,Nyc Department Of Education
B11D-01262,Nyc Department Of Education
B11D-01263,Nyc Department Of Education
B11D-01264,Nyc Department Of Education
B11D-01265,Nyc Department Of Education
B11D-01268,Nyc Department Of Education
B11D-01277,Nyc Department Of Education
B11D-01288,Nyc Department Of Education
B11D-01522,Nyc Department Of Education
B11D-01830,Nyc Department Of Education
B11D-01847,Nyc Department Of Education
B11D-01849,Nyc Department Of Education
B11D-01850,Nyc Department Of Education
B11D-01872,Nyc Department Of Education
B11D-01888,Nyc Department Of Education
B11D-01911,Nyc Department Of Education
B11D-01912,Nyc Department Of Education
B11D-01913,Nyc Department Of Education
B11D-01915,Nyc Department Of Education
B11D-01916,Nyc Department Of Education
B11D-01920,Nyc Department Of Education
B11D-01924,Nyc Department Of Education
B11D-01925,Nyc Department Of Education
B11D-01932,Nyc Department Of Education
B11D-01933,Nyc Department Of Education
B11D-01935,Nyc Department Of Education
B11D-01936,Nyc Department Of Education
B11D-01937,Nyc Department Of Education
B11D-01940,Nyc Department Of Education
B11D-01944,Nyc Department Of Education
B11D-01945,Nyc Department Of Education
B11D-01946,Nyc Department Of Education
B11D-01947,Nyc Department Of Education
B11D-01948,Nyc Department Of Education
B11D-01949,Nyc Department Of Education
B11D-01950,Nyc Department Of Education
B11D-01952,Nyc Department Of Education
B11D-01953,Nyc Department Of Education
B11D-01954,Nyc Department Of Education
B11D-01955,Nyc Department Of Education
B11D-01957,Nyc Department Of Education
B11D-01958,Nyc Department Of Education
B11D-01959,Nyc Department Of Education
B11D-01960,Nyc Department Of Education
B11D-01961,Nyc Department Of Education
B11D-01968,Nyc Department Of Education
B11D-01969,Nyc Department Of Education
B11D-01970,Nyc Department Of Education
B11D-01972,Nyc Department Of Education
B11D-01973,Nyc Department Of Education
B11D-01977,Nyc Department Of Education
B11D-01978,Nyc Department Of Education
B11D-01979,Nyc Department Of Education
B11D-01980,Nyc Department Of Education
B11D-01981,Nyc Department Of Education
B11D-01983,Nyc Department Of Education
B11D-01984,Nyc Department Of Education
B11D-01986,Nyc Department Of Education
B11D-01987,Nyc Department Of Education
B11D-01988,Nyc Department Of Education
B11D-01990,Nyc Department Of Education
B11D-01991,Nyc Department Of Education
B11D-01993,Nyc Department Of Education
B11D-01995,Nyc Department Of Education
B11D-01996,Nyc Department Of Education
B11D-01997,Nyc Department Of Education
B11D-02013,Nyc Department Of Education
B11D-02063,Nyc Department Of Education
B11D-02074,Nyc Department Of Education
B11D-02081,Nyc Department Of Education
B11D-02083,Nyc Department Of Education
B11D-02095,Nyc Department Of Education
B11D-02116,Nyc Department Of Education
B11D-02123,Nyc Department Of Education
B11D-02125,Nyc Department Of Education
B11D-02129,Nyc Department Of Education
B11D-02144,Nyc Department Of Education
B11D-02148,Nyc Department Of Education
B11D-02149,Nyc Department Of Education
B11D-02158,Nyc Department Of Education
B11D-02167,Nyc Department Of Education
B11D-02168,Nyc Department Of Education
B11D-02174,Nyc Department Of Education
B11D-02181,Nyc Department Of Education
B11D-02184,Nyc Department Of Education
B11D-02186,Nyc Department Of Education
B11D-02187,Nyc Department Of Education
B11D-02188,Nyc Department Of Education
B11D-02189,Nyc Department Of Education
B11D-02190,Nyc Department Of Education
B11D-02191,Nyc Department Of Education
B11D-02192,Nyc Department Of Education
B11D-02193,Nyc Department Of Education
B11D-02194,Nyc Department Of Education
B11D-02195,Nyc Department Of Education
B11D-02196,Nyc Department Of Education
B11D-02197,Nyc Department Of Education
B11D-02201,Nyc Department Of Education
B11D-02202,Nyc Department Of Education
B11D-02205,Nyc Department Of Education
B11D-02206,Nyc Department Of Education
B11D-02207,Nyc Department Of Education
B11D-02208,Nyc Department Of Education
B11D-02213,Nyc Department Of Education
B11D-02214,Nyc Department Of Education
B11D-02223,Nyc Department Of Education
B11D-02224,Nyc Department Of Education
B11D-02225,Nyc Department Of Education
B11D-02226,Nyc Department Of Education
B11D-02322,Nyc Department Of Education
B11D-02323,Nyc Department Of Education
B11D-02324,Nyc Department Of Education
B11D-02340,Nyc Department Of Education
B11D-02342,Nyc Department Of Education
B11D-02346,Nyc Department Of Education
B11D-02348,Nyc Department Of Education
B11D-02349,Nyc Department Of Education
B11D-02363,Nyc Department Of Education
B11D-02367,Nyc Department Of Education
B11D-02381,Nyc Department Of Education
B11D-02384,Nyc Department Of Education
B11D-02387,Nyc Department Of Education
B11D-02388,Nyc Department Of Education
B11D-02389,Nyc Department Of Education
B11D-02390,Nyc Department Of Education
B11D-02407,Nyc Department Of Education
B11D-02410,Nyc Department Of Education
B11D-02437,Nyc Department Of Education
B11D-02439,Nyc Department Of Education
B11D-02441,Nyc Department Of Education
B11D-02456,Nyc Department Of Education
B11D-02458,Nyc Department Of Education
B11D-02459,Nyc Department Of Education
B11D-02461,Nyc Department Of Education
B11D-02464,Nyc Department Of Education
B11D-02465,Nyc Department Of Education
B11D-02466,Nyc Department Of Education
B11D-02493,Nyc Department Of Education
B11D-02497,Nyc Department Of Education
B11D-02517,Nyc Department Of Education
B11D-02518,Nyc Department Of Education
B11D-02521,Nyc Department Of Education
B11D-02523,Nyc Department Of Education
B11D-02524,Nyc Department Of Education
B11D-02525,Nyc Department Of Education
B11D-02526,Nyc Department Of Education
B11D-02527,Nyc Department Of Education
B11D-02528,Nyc Department Of Education
B11D-02537,Nyc Department Of Education
B11D-02544,Nyc Department Of Education
B11D-02545,Nyc Department Of Education
B11D-02546,Nyc Department Of Education
B11D-02547,Nyc Department Of Education
B11D-02548,Nyc Department Of Education
B11D-02549,Nyc Department Of Education
B11D-02550,Nyc Department Of Education
B11D-02552,Nyc Department Of Education
B11D-02555,NYC Department of Education
B11D-02556,Nyc Department Of Education
B11D-02557,Nyc Department Of Education
B11D-02559,Nyc Department Of Education
B11D-02560,Nyc Department Of Education
B11D-02561,Nyc Department Of Education
B11D-02562,Nyc Department Of Education
B11D-02563,Nyc Department Of Education
B11D-02564,Nyc Department Of Education
B11D-02567,Nyc Department Of Education
B11D-02570,Nyc Department Of Education
B11D-02571,Nyc Department Of Education
B11D-02572,Nyc Department Of Education
B11D-02576,Nyc Department Of Education
B11D-02578,Nyc Department Of Education
B11D-02579,Nyc Department Of Education
B11D-02581,Nyc Department Of Education
B11D-02584,Nyc Department Of Education
B11D-02585,Nyc Department Of Education
B11D-02586,Nyc Department Of Education
B11D-02587,Nyc Department Of Education
B11D-02588,Nyc Department Of Education
B11D-02589,Nyc Department Of Education
B11D-02623,Nyc Department Of Education
B11D-02624,Nyc Department Of Education
B11D-02625,Nyc Department Of Education
B11D-02631,Nyc Department Of Education
B11D-02647,Nyc Department Of Education
B11D-02650,Nyc Department Of Education
B11D-02674,Nyc Department Of Education
B11D-02676,Nyc Department Of Education
B11D-02677,Nyc Department Of Education
B11D-02686,Nyc Department Of Education
B11D-02689,Nyc Department Of Education
B11D-02691,Nyc Department Of Education
B11D-02694,Nyc Department Of Education
B11D-02695,Nyc Department Of Education
B11D-02699,Nyc Department Of Education
B11D-02700,Nyc Department Of Education
B11D-02809,Nyc Department Of Education
B11D-02810,Nyc Department Of Education
B11D-02830,Nyc Department Of Education
B11D-02831,Nyc Department Of Education
B11D-02836,Nyc Department Of Education
B11D-02837,Nyc Department Of Education
B11D-02844,Nyc Department Of Education
B11D-02848,Nyc Department Of Education
B11D-02849,Nyc Department Of Education
B11D-02880,Nyc Department Of Education
B11E-00001,Nyc Department Of Education
B11E-00002,Nyc Department Of Education
B11E-00004,Nyc Department Of Education
B11E-00055,Nyc Department Of Education
B11E-00089,Nyc Department Of Education
B11E-00091,Nyc Department Of Education
B11E-00092,Nyc Department Of Education
B11E-00095,Nyc Department Of Education
B11E-00096,Nyc Department Of Education
B11E-00097,Nyc Department Of Education
B11E-00098,Nyc Department Of Education
B11E-00099,Nyc Department Of Education
B11E-00110,Nyc Department Of Education
B11E-00111,Nyc Department Of Education
B11E-00113,Nyc Department Of Education
B11E-00128,Nyc Department Of Education
B11E-00129,Nyc Department Of Education
B11E-00132,Nyc Department Of Education
B11E-00147,Nyc Department Of Education
B11E-00148,Nyc Department Of Education
B11E-00149,Nyc Department Of Education
B11E-00162,Nyc Department Of Education
B11E-00163,Nyc Department Of Education
B11E-00164,Nyc Department Of Education
B11E-00165,Nyc Department Of Education
B11E-00168,Nyc Department Of Education
B11E-00183,Nyc Department Of Education
B11E-00200,Nyc Department Of Education
B11E-00202,Nyc Department Of Education
B11E-00203,Nyc Department Of Education
B11E-00204,Nyc Department Of Education
B11E-00205,Nyc Department Of Education
B11E-00208,Nyc Department Of Education
B11E-00222,Nyc Department Of Education
B11E-00242,Nyc Department Of Education
B11E-00243,Nyc Department Of Education
B11E-00244,Nyc Department Of Education
B11E-00246,Nyc Department Of Education
B11E-00256,Nyc Department Of Education
B11E-00257,Nyc Department Of Education
B11E-00269,Nyc Department Of Education
B11E-00318,Nyc Department Of Education
B11E-00320,Nyc Department Of Education
B11E-00322,Nyc Department Of Education
B11E-00323,Nyc Department Of Education
B11E-00327,Nyc Department Of Education
B11E-00331,Nyc Department Of Education
B11E-00332,Nyc Department Of Education
B11E-00334,Nyc Department Of Education
B11E-00338,Nyc Department Of Education
B11E-00339,Nyc Department Of Education
B11E-00341,Nyc Department Of Education
B11E-00343,Nyc Department Of Education
B11E-00347,Nyc Department Of Education
B11E-00349,Nyc Department Of Education
B11E-00350,Nyc Department Of Education
B11E-00351,Nyc Department Of Education
B11E-00352,Nyc Department Of Education
B11E-00353,Nyc Department Of Education
B11E-00354,Nyc Department Of Education
B11E-00355,Nyc Department Of Education
B11E-00356,Nyc Department Of Education
B11E-00357,Nyc Department Of Education
B11E-00358,Nyc Department Of Education
B11E-00359,Nyc Department Of Education
B11E-00361,Nyc Department Of Education
B11E-00363,Nyc Department Of Education
B11E-00364,Nyc Department Of Education
B11E-00694,Nyc Department Of Education
B11E-00695,Nyc Department Of Education
B11E-00714,Nyc Department Of Education
B11G-00818,Nyc Department Of Education
B11G-03235,Nyc Department Of Education
B11G-04823,Nyc Department Of Education
B11I-00553,Nyc Department Of Education
B11I-00566,Nyc Department Of Education
B11I-00568,Nyc Department Of Education
B11I-00569,Nyc Department Of Education
B11I-00586,Nyc Department Of Education
B11I-00597,Nyc Department Of Education
B11I-00622,Nyc Department Of Education
B11I-00624,Nyc Department Of Education
B11I-00626,Nyc Department Of Education
B11I-00629,Nyc Department Of Education
B11I-00726,Nyc Department Of Education
B11I-01002,Nyc Department Of Education
B11I-01003,Nyc Department Of Education
B11I-01004,Nyc Department Of Education
B11I-01017,Nyc Department Of Education
B11I-01021,Nyc Department Of Education
B11I-01025,Nyc Department Of Education
B11I-01026,Nyc Department Of Education
B11I-01027,Nyc Department Of Education
B11I-01029,Nyc Department Of Education
B11I-01032,Nyc Department Of Education
B11I-01033,Nyc Department Of Education
B11I-01034,Nyc Department Of Education
B11I-01035,Nyc Department Of Education
B11I-01036,Nyc Department Of Education
B11I-01038,Nyc Department Of Education
B11I-01039,Nyc Department Of Education
B11I-01040,Nyc Department Of Education
B11I-01041,Nyc Department Of Education
B11I-01042,Nyc Department Of Education
B11I-01045,Nyc Department Of Education
B11I-01058,Nyc Department Of Education
B11I-01068,Nyc Department Of Education
B11I-01069,Nyc Department Of Education
B11I-01070,Nyc Department Of Education
B11I-01071,Nyc Department Of Education
B11I-01072,Nyc Department Of Education
B11I-01073,Nyc Department Of Education
B11I-01074,Nyc Department Of Education
B11I-01075,Nyc Department Of Education
B11I-01076,Nyc Department Of Education
B11I-01078,Nyc Department Of Education
B11I-01085,Nyc Department Of Education
B11I-01086,Nyc Department Of Education
B11I-01089,Nyc Department Of Education
B11I-01090,Nyc Department Of Education
B11I-01091,Nyc Department Of Education
B11I-01092,Nyc Department Of Education
B11I-01095,Nyc Department Of Education
B11I-01199,Nyc Department Of Education
B11I-01201,Nyc Department Of Education
B11I-01215,Nyc Department Of Education
B11I-01216,Nyc Department Of Education
B11I-01227,Nyc Department Of Education
B11I-01230,Nyc Department Of Education
B11I-01232,Nyc Department Of Education
B11I-01276,Nyc Department Of Education
B11I-01278,Nyc Department Of Education
B11I-01279,Nyc Department Of Education
B11I-01283,Nyc Department Of Education
B11I-01285,Nyc Department Of Education
B11I-01286,Nyc Department Of Education
B11I-01287,Nyc Department Of Education
B11I-01291,Nyc Department Of Education
B11I-01313,Nyc Department Of Education
B11I-01321,Nyc Department Of Education
B11I-01323,Nyc Department Of Education
B11I-01349,Nyc Department Of Education
B11I-01522,Nyc Department Of Education
B11I-01657,Nyc Department Of Education
B11I-01661,Nyc Department Of Education
B11I-01663,Nyc Department Of Education
B11I-01664,Nyc Department Of Education
B11I-01673,Nyc Department Of Education
B11I-01678,Nyc Department Of Education
B11I-01681,Nyc Department Of Education
B11I-01688,Nyc Department Of Education
B11I-01711,Nyc Department Of Education
B11I-01712,Nyc Department Of Education
B11I-01713,Nyc Department Of Education
B11I-01714,Nyc Department Of Education
B11I-01715,Nyc Department Of Education
B11I-01716,Nyc Department Of Education
B11I-01717,Nyc Department Of Education
B11I-01718,Nyc Department Of Education
B11I-01719,Nyc Department Of Education
B11I-01720,Nyc Department Of Education
B11I-01721,Nyc Department Of Education
B11I-01730,Nyc Department Of Education
B11I-01760,Nyc Department Of Education
B11I-01762,Nyc Department Of Education
B11I-01764,Nyc Department Of Education
B11I-01798,Nyc Department Of Education
B11I-01799,Nyc Department Of Education
B11I-01800,Nyc Department Of Education
B11I-01801,Nyc Department Of Education
B11I-01802,Nyc Department Of Education
B11I-01852,Nyc Department Of Education
B11I-02129,Nyc Department Of Education
B11J-00143,Nyc Department Of Education
B11J-00144,Nyc Department Of Education
B11J-00148,Nyc Department Of Education
B11J-00149,Nyc Department Of Education
B11J-00150,Nyc Department Of Education
B11J-00196,Nyc Department Of Education
B11J-00388,Nyc Department Of Education
B11J-00389,Nyc Department Of Education
B11J-00390,Nyc Department Of Education
B11J-00393,Nyc Department Of Education
B11J-00395,Nyc Department Of Education
B11J-00396,Nyc Department Of Education
B11J-00397,Nyc Department Of Education
B11J-00401,Nyc Department Of Education
B11J-00498,Nyc Department Of Education
B11J-00503,Nyc Department Of Education
B11J-00504,Nyc Department Of Education
B11J-00505,Nyc Department Of Education
B11J-00506,Nyc Department Of Education
B11J-00508,Nyc Department Of Education
B11J-00511,Nyc Department Of Education
B11J-00512,Nyc Department Of Education
B11J-00519,Nyc Department Of Education
B11J-00520,Nyc Department Of Education
B11J-00523,Nyc Department Of Education
B11J-00524,Nyc Department Of Education
B11J-00534,Nyc Department Of Education
B11J-00536,Nyc Department Of Education
B11J-00537,Nyc Department Of Education
B11J-00538,Nyc Department Of Education
B11J-00542,Nyc Department Of Education
B11J-00546,Nyc Department Of Education
B11J-00553,Nyc Department Of Education
B11J-00555,Nyc Department Of Education
B11J-00556,Nyc Department Of Education
B11J-00558,Nyc Department Of Education
B11J-00560,Nyc Department Of Education
B11J-00562,Nyc Department Of Education
B11J-00563,Nyc Department Of Education
B11J-00572,Nyc Department Of Education
B11J-00573,Nyc Department Of Education
B11J-00574,Nyc Department Of Education
B11J-00575,Nyc Department Of Education
B11J-00576,Nyc Department Of Education
B11J-00577,Nyc Department Of Education
B11J-00578,Nyc Department Of Education
B11J-00586,Nyc Department Of Education
B11J-00611,Nyc Department Of Education
B11J-00612,Nyc Department Of Education
B11J-00623,Nyc Department Of Education
B11J-00630,Nyc Department Of Education
B11J-00635,Nyc Department Of Education
B11J-00636,Nyc Department Of Education
B11J-00644,Nyc Department Of Education
B11J-00645,Nyc Department Of Education
B11J-00646,Nyc Department Of Education
B11J-00647,Nyc Department Of Education
B11J-00672,Nyc Department Of Education
B11J-00674,Nyc Department Of Education
B11J-00678,Nyc Department Of Education
B11J-00687,Nyc Department Of Education
B11J-00698,Nyc Department Of Education
B11J-00699,Nyc Department Of Education
B11J-00700,Nyc Department Of Education
B11J-00701,Nyc Department Of Education
B11J-00703,Nyc Department Of Education
B11J-00704,Nyc Department Of Education
B11J-00713,Nyc Department Of Education
B11J-00717,Nyc Department Of Education
B11J-00718,Nyc Department Of Education
B11J-00720,Nyc Department Of Education
B11J-00721,Nyc Department Of Education
B11J-00722,Nyc Department Of Education
B11J-00725,Nyc Department Of Education
B11J-00729,Nyc Department Of Education
B11J-00735,Nyc Department Of Education
B11J-00736,Nyc Department Of Education
B11J-00743,Nyc Department Of Education
B11J-00744,Nyc Department Of Education
B11J-00746,Nyc Department Of Education
B11J-00747,Nyc Department Of Education
B11J-00748,Nyc Department Of Education
B11J-00760,Nyc Department Of Education
B11J-00761,Nyc Department Of Education
B11J-00763,Nyc Department Of Education
B11J-00764,Nyc Department Of Education
B11J-00765,Nyc Department Of Education
B11J-00767,Nyc Department Of Education
B11J-00772,Nyc Department Of Education
B11J-00773,Nyc Department Of Education
B11J-00774,Nyc Department Of Education
B11J-00780,Nyc Department Of Education
B11J-00781,Nyc Department Of Education
B11J-00782,Nyc Department Of Education
B11J-00784,Nyc Department Of Education
B11J-00786,Nyc Department Of Education
B11J-00787,Nyc Department Of Education
B11J-00788,Nyc Department Of Education
B11J-00789,Nyc Department Of Education
B11J-00795,Nyc Department Of Education
B11J-00798,Nyc Department Of Education
B11J-00799,Nyc Department Of Education
B11J-00800,Nyc Department Of Education
B11J-00801,Nyc Department Of Education
B11J-00802,Nyc Department Of Education
B11J-00803,Nyc Department Of Education
B11J-00806,Nyc Department Of Education
B11J-00807,Nyc Department Of Education
B11J-00810,Nyc Department Of Education
B11J-00811,Nyc Department Of Education
B11J-00812,Nyc Department Of Education
B11J-00813,Nyc Department Of Education
B11J-00814,Nyc Department Of Education
B11J-00815,Nyc Department Of Education
B11J-00816,Nyc Department Of Education
B11J-00817,Nyc Department Of Education
B11J-00818,Nyc Department Of Education
B11J-00819,Nyc Department Of Education
B11J-00821,Nyc Department Of Education
B11J-00822,Nyc Department Of Education
B11J-00823,Nyc Department Of Education
B11J-00824,Nyc Department Of Education
B11J-00825,Nyc Department Of Education
B11J-00826,Nyc Department Of Education
B11J-00827,Nyc Department Of Education
B11J-00828,Nyc Department Of Education
B11J-00829,Nyc Department Of Education
B11J-00830,Nyc Department Of Education
B11J-00831,Nyc Department Of Education
B11J-00832,Nyc Department Of Education
B11J-00833,Nyc Department Of Education
B11J-00834,Nyc Department Of Education
B11J-00835,Nyc Department Of Education
B11J-00836,Nyc Department Of Education
B11J-00837,Nyc Department Of Education
B11J-00838,Nyc Department Of Education
B11J-00839,Nyc Department Of Education
B11J-00841,Nyc Department Of Education
B11J-00842,Nyc Department Of Education
B11J-00845,Nyc Department Of Education
B11J-00851,Nyc Department Of Education
B11J-00855,Nyc Department Of Education
B11J-00856,Nyc Department Of Education
B11J-00857,Nyc Department Of Education
B11J-00858,Nyc Department Of Education
B11J-00859,Nyc Department Of Education
B11J-00862,Nyc Department Of Education
B11J-00863,Nyc Department Of Education
B11J-00864,Nyc Department Of Education
B11J-00865,Nyc Department Of Education
B11J-00866,Nyc Department Of Education
B11J-00867,Nyc Department Of Education
B11J-00868,Nyc Department Of Education
B11J-00869,Nyc Department Of Education
B11J-00870,Nyc Department Of Education
B11J-00871,Nyc Department Of Education
B11J-00872,Nyc Department Of Education
B11J-00873,Nyc Department Of Education
B11J-00874,Nyc Department Of Education
B11J-00875,Nyc Department Of Education
B11J-00876,Nyc Department Of Education
B11J-00877,Nyc Department Of Education
B11J-00878,Nyc Department Of Education
B11J-00879,Nyc Department Of Education
B11J-00880,Nyc Department Of Education
B11J-00881,Nyc Department Of Education
B11J-00882,Nyc Department Of Education
B11J-00883,Nyc Department Of Education
B11K-00001,Nyc Department Of Education
B11K-00002,Nyc Department Of Education
B11K-00003,Nyc Department Of Education
B11K-00004,Nyc Department Of Education
B11K-00005,Nyc Department Of Education
B11K-00006,Nyc Department Of Education
B11K-00007,Nyc Department Of Education
B11K-00008,Nyc Department Of Education
B11K-00009,Nyc Department Of Education
B11K-00010,Nyc Department Of Education
B11K-00011,Nyc Department Of Education
B11K-00012,Nyc Department Of Education
B11K-00013,Nyc Department Of Education
B11K-00014,Nyc Department Of Education
B11K-00015,Nyc Department Of Education
B11K-00016,Nyc Department Of Education
B11K-00017,Nyc Department Of Education
B11K-00018,Nyc Department Of Education
B11K-00243,Nyc Department Of Education
B11K-00426,Nyc Department Of Education
B11K-00472,Nyc Department Of Education
B11K-00480,Nyc Department Of Education
B11K-00481,Nyc Department Of Education
B11K-00485,Nyc Department Of Education
B11K-00533,Nyc Department Of Education
B11K-00536,Nyc Department Of Education
B11K-00540,Nyc Department Of Education
B11K-00541,Nyc Department Of Education
B11K-00543,Nyc Department Of Education
B11K-00545,Nyc Department Of Education
B11K-00561,Nyc Department Of Education
B11K-00577,Nyc Department Of Education
B11K-00578,Nyc Department Of Education
B11K-00822,Nyc Department Of Education
B11K-00824,Nyc Department Of Education
B11K-00825,Nyc Department Of Education
B11K-00826,Nyc Department Of Education
B11K-00827,Nyc Department Of Education
B11K-00837,NYC Department of Education
B11K-00838,Nyc Department Of Education
B11K-00840,Nyc Department Of Education
B11K-00843,Nyc Department Of Education
B11K-00844,Nyc Department Of Education
B11K-00895,Nyc Department Of Education
B11K-00896,Nyc Department Of Education
B11K-00897,Nyc Department Of Education
B11K-00898,Nyc Department Of Education
B11K-00899,Nyc Department Of Education
B11K-00900,Nyc Department Of Education
B11K-00941,Nyc Department Of Education
B11K-00943,Nyc Department Of Education
